<?xml version="1.0" encoding="UTF-8"?>
<!DOCTYPE mapper
	PUBLIC "-//mybatis.org//DTD Mapper 3.0//EN"
	"http://mybatis.org/dtd/mybatis-3-mapper.dtd">
<mapper namespace="com.peisia.spring.mi.mapper.dog.DogMapper">
	<select id="getCount" resultType="int">
		select count(*) from
		tbl_product
	</select>

	<select id="getList"
		resultType="com.peisia.spring.mi.vo.dog.DogVO">
		SELECT * from tbl_product limit #{limitIndex} , 5
	</select>

	<select id="cateList"
		resultType="com.peisia.spring.mi.vo.dog.CateVO">
		select*from tbl_cate order by catecode
	</select>

	<insert id="upload">
		insert into tbl_product (pdNum,pdName,pdPrice,pdInfo,pdImg,cateCode)
		values(#{pdNum},#{pdName},#{pdPrice},#{pdInfo},#{pdImg},#{cateCode})
	</insert>

	<insert id="imageUpload">
		insert into products_image(pdNum, fileName, uploadPath, uuid) values
		(#{pdNum}, #{fileName}, #{uploadPath}, #{uuid})
	</insert>

	<update id="modify">
		update tbl_product set
		pdName=#{pdName},pdPrice=#{pdPrice},pdInfo=#{pdInfo},pdImg=#{pdImg},cateCode=#{cateCode}
		where pdNum=#{pdNum}
	</update>

	<select id="productDetail"
		resultType="com.peisia.spring.mi.vo.dog.DogVO">
		select pdNum,pdName,pdPrice,pdInfo,pdImg,cateCode from tbl_product where
		pdNum=#{pdNum}
	</select>

	<delete id="del">
		delete from tbl_product where pdNum=#{pdNum}
	</delete>

</mapper>