<?xml version="1.0" encoding="UTF-8"?>
<!DOCTYPE mapper PUBLIC "-//mybatis.org//DTD Mapper 3.0//EN" "http://mybatis.org/dtd/mybatis-3-mapper.dtd">
<mapper namespace="com.peisia.spring.mi.mapper.shop.CartMapper">

	<!-- 회원 아이디로 장바구니 목록을 조회하는 쿼리 -->
	<select id="selectCartListByMemberId" parameterType="String"
		resultType="com.peisia.spring.mi.vo.shop.CartVO">
		select memberId, gdsImg, gdsName,
		gdsPrice, cartStock
		FROM
		tbl_cart_mi_member
		where memberId = #{memberId}
	</select>

	<insert id="addCartItem" parameterType="com.peisia.spring.mi.vo.shop.CartVO">
		insert into tbl_cart_mi_member (memberId, gdsName, cartStock)
		values (#{memberId}, #{gdsName}, #{cartStock})
	</insert>

	<!-- 장바구니 정보 가져오기 -->
	<select id="getCart" parameterType="String"
		resultType="com.peisia.spring.mi.vo.shop.CartVO">
		select * from tbl_cart_mi_member WHERE memberId =
		#{memberId}
	</select>
	<!-- 상품 정보 가져오기 -->
	<select id="getShop" parameterType="String"
		resultType="com.peisia.spring.mi.vo.shop.ShopVO">
		select * from tbl_goods WHERE gdsName = #{gdsName}
	</select>

</mapper>