<?xml version="1.0" encoding="UTF-8"?>
<!DOCTYPE mapper
	PUBLIC "-//mybatis.org//DTD Mapper 3.0//EN"
	"http://mybatis.org/dtd/mybatis-3-mapper.dtd">
<mapper namespace="com.peisia.spring.mi.mapper.shop.ShopMapper">
	<!-- insert goods -->
	<insert id="insertGoods"
		parameterType="com.peisia.spring.mi.vo.shop.ShopVO">
		INSERT INTO tbl_goods(gdsName, cateCode, gdsPrice,
		gdsStock, gdsDes, gdsImg)
		VALUES(#{gdsName}, #{cateCode}, #{gdsPrice},
		#{gdsStock}, #{gdsDes}, #{gdsImg})
	</insert>

	<!-- select goods list -->
	<select id="selectGoodsList"
		resultType="com.peisia.spring.mi.vo.shop.ShopVO">
		SELECT *
		FROM tbl_goods
		ORDER BY gdsNum DESC
	</select>

	<!-- select goods by gdsNum -->
	<select id="selectGoodsByGdsNum"
		resultType="com.peisia.spring.mi.vo.shop.ShopVO">
		SELECT *
		FROM tbl_goods
		WHERE gdsNum = #{gdsNum}
	</select>

	<!-- update goods -->
	<update id="updateGoods"
		parameterType="com.peisia.spring.mi.vo.shop.ShopVO">
		UPDATE tbl_goods
		SET gdsName = #{gdsName},
		cateCode = #{cateCode},
		gdsPrice = #{gdsPrice},
		gdsStock = #{gdsStock},
		gdsDes = #{gdsDes},
		gdsImg = #{gdsImg}
		WHERE gdsNum = #{gdsNum}
	</update>

	<!-- delete goods -->
	<delete id="deleteGoods" parameterType="int">
		DELETE FROM tbl_goods
		WHERE gdsNum = #{gdsNum}
	</delete>

</mapper>