<?xml version="1.0" encoding="UTF-8"?>
<!DOCTYPE mapper
	PUBLIC "-//mybatis.org//DTD Mapper 3.0//EN"
	"http://mybatis.org/dtd/mybatis-3-mapper.dtd">
<mapper namespace="com.joon.spring.mi.mapper.animal.AnimalMapper">

	<!-- 모든 동물 정보 조회 -->
	<select id="getList"
		resultType="com.joon.spring.mi.vo.animal.AnimalVO">
		SELECT * FROM animal_info
	</select>

	<!-- 동물 정보 한 건 조회 -->
	<select id="read" parameterType="int"
		resultType="com.joon.spring.mi.vo.animal.AnimalVO">
		SELECT * FROM animal_info WHERE no = #{no}
	</select>

	<select id="getCount" resultType="int">
		SELECT count(*) animal_info
	</select>

	<delete id="del" parameterType="int">
		DELETE FROM animal_info WHERE no = #{no}
	</delete>

	<insert id="write"
		parameterType="com.joon.spring.mi.vo.animal.AnimalVO">
		INSERT INTO animal_info (
		impoundment_number, 
		breed, 
		kind, 
		coat_color,
		gender, 
		neutering, 
		characteristic, 
		additional_information,
		date_of_receipt, 
		reason_for_rescue, 
		location_found, 
		start_stray_hold_period, 
		end_stray_hold_period,
		jurisdictional_animal_shelter_name, 
		shelter_location, 
		phone_number,
		jurisdiction, 
		contact_person,
		contact_person_number, 
		notes, 
		status, 
		registration_number)
		
		VALUES (
		#{impoundment_number},
		#{breed}, 
		#{kind}, 
		#{coat_color}, 
		#{gender}, 
		#{neutering},
		#{characteristic}, 
		#{additional_information},
		#{date_of_receipt}, 
		#{reason_for_rescue}, 
		#{location_found}, 
		#{start_stray_hold_period},
		#{end_stray_hold_period},
		#{jurisdictional_animal_shelter_name}, 
		#{shelter_location}, 
		#{phone_number}, 
		#{jurisdiction},
		#{contact_person},
		#{contact_person_number}, 
		#{notes}, 
		#{status}, 
		#{registration_number})
	</insert>

	<update id="modify"
		parameterType="com.joon.spring.mi.vo.animal.AnimalVO">
		UPDATE animal_info
		SET impoundment_number = #{impoundment_number},
		breed = #{breed},
		kind = #{kind},
		coat_color = #{coat_color},
		gender = #{gender},
		neutering = #{neutering},
		characteristic = #{characteristic},
		additional_information = #{additional_information},
		date_of_receipt = #{date_of_receipt},
		reason_for_rescue = #{reason_for_rescue},
		location_found = #{location_found},
		start_stray_hold_period = #{start_stray_hold_period},
		end_stray_hold_period = #{end_stray_hold_period},
		jurisdictional_animal_shelter_name = #{jurisdictional_animal_shelter_name},
		shelter_location = #{shelter_location},
		phone_number = #{phone_number},
		jurisdiction = #{jurisdiction},
		contact_person = #{contact_person},
		contact_person_number = #{contact_person_number},
		notes = #{notes},
		status = #{status},
		registration_number = #{registration_number}
		WHERE no = #{no}
	</update>

</mapper>