<?xml version="1.0" encoding="UTF-8"?>
<!DOCTYPE mapper
	PUBLIC "-//mybatis.org//DTD Mapper 3.0//EN"
	"http://mybatis.org/dtd/mybatis-3-mapper.dtd">
<mapper namespace="com.peisia.spring.mi.mapper.dog.DogMapper">
	<select id="getCount" resultType="int">
		select count(*) from tbl_guest
	</select>
	
	<select id="getList" resultType="com.peisia.spring.mi.vo.dog.DogVO">
		select*from tbl_product limit #(limitInex),5
	</select>
	
	<select id="cateList" resultType="com.peisia.spring.mi.vo.dog.CateVO">
		select*from tbl_cate order by cateCode
	</select>
	
	<insert id="upload">
	insert into tbl_product (pdNum,pdName,pdPrice,pdInfo,pdImg) values(#{pdNum},#{pdName},#{pdPrice},#{pdInfo},#{pdImg})
	</insert>
	
	<update id="modify">
	update tbl_product set pdName=#{pdName},pdPrice=#{pdPrice},pdInfo=#{pdInfo},pdImg=#{pdImg}
	where pdNum=#{pdNum}
	</update>
		
</mapper>